chapter,section,cluster,cluster_name,count
Part 1: General Information,Introduction,1,University & student life,2
Part 1: General Information,Introduction,5,"Society, health & policy",1
Part 1: General Information,Mission Statement,1,University & student life,1
Part 1: General Information,Statement on Diversity and Inclusion,1,University & student life,1
Part 1: General Information,Who We Are,7,Credits & degree requirements,1
Part 1: General Information,Partners,1,University & student life,1
Part 1: General Information,Partners,4,"History, culture & politics",1
Part 1: General Information,Duke Kunshan University Community Standard,1,University & student life,1
Part 2: A Liberal Arts Education at Duke Kunshan University,A 21st Century Curriculum,1,University & student life,1
Part 2: A Liberal Arts Education at Duke Kunshan University,A Liberal Arts College Experience,1,University & student life,1
Part 2: A Liberal Arts Education at Duke Kunshan University,Dual Degrees,7,Credits & degree requirements,1
Part 2: A Liberal Arts Education at Duke Kunshan University,Animating Principles,1,University & student life,1
Part 2: A Liberal Arts Education at Duke Kunshan University,Animating Principles,4,"History, culture & politics",1
Part 2: A Liberal Arts Education at Duke Kunshan University,Animating Principles,2,"Language, writing & practice",4
Part 2: A Liberal Arts Education at Duke Kunshan University,Animating Principles,5,"Society, health & policy",2
Part 3: The Curriculum,Overview,1,University & student life,1
Part 3: The Curriculum,Overview,2,"Language, writing & practice",3
Part 3: The Curriculum,Key Components,1,University & student life,1
Part 3: The Curriculum,Key Components,2,"Language, writing & practice",2
Part 3: The Curriculum,Key Components,7,Credits & degree requirements,3
Part 3: The Curriculum,Degree Requirements,2,"Language, writing & practice",10
Part 3: The Curriculum,Degree Requirements,7,Credits & degree requirements,17
Part 3: The Curriculum,Degree Requirements,0,Computing & mathematics,1
Part 3: The Curriculum,Degree Requirements,1,University & student life,2
"Part 4: Admission, Scholarships and Financial Aid",Principles of Selection,1,University & student life,2
"Part 4: Admission, Scholarships and Financial Aid",Application Timelines,7,Credits & degree requirements,3
"Part 4: Admission, Scholarships and Financial Aid",Application Timelines,3,Academic status & conduct,1
"Part 4: Admission, Scholarships and Financial Aid",Application Requirements,7,Credits & degree requirements,3
"Part 4: Admission, Scholarships and Financial Aid",Application Requirements,1,University & student life,1
"Part 4: Admission, Scholarships and Financial Aid",Scholarships and Financial Aid,1,University & student life,1
"Part 4: Admission, Scholarships and Financial Aid",Scholarships and Financial Aid,7,Credits & degree requirements,2
Part 5: Financial Information,Tuition and Fees,1,University & student life,2
Part 5: Financial Information,Estimated Expenses,3,Academic status & conduct,7
Part 5: Financial Information,Estimated Expenses,7,Credits & degree requirements,6
Part 5: Financial Information,Estimated Expenses,1,University & student life,3
Part 5: Financial Information,Refund,3,Academic status & conduct,9
Part 6: Academic Procedures and Information,Academic Integrity,1,University & student life,2
Part 6: Academic Procedures and Information,Academic Integrity,3,Academic status & conduct,2
Part 6: Academic Procedures and Information,Academic Integrity,0,Computing & mathematics,1
Part 6: Academic Procedures and Information,Entrance Credit and Placement,7,Credits & degree requirements,12
Part 6: Academic Procedures and Information,Entrance Credit and Placement,3,Academic status & conduct,1
Part 6: Academic Procedures and Information,Entrance Credit and Placement,2,"Language, writing & practice",2
Part 6: Academic Procedures and Information,Transfer of Work Taken Elsewhere,7,Credits & degree requirements,9
Part 6: Academic Procedures and Information,Time Limit for Completing Undergraduate Degree,7,Credits & degree requirements,1
Part 6: Academic Procedures and Information,Registration,3,Academic status & conduct,6
Part 6: Academic Procedures and Information,Registration,7,Credits & degree requirements,1
Part 6: Academic Procedures and Information,Undergraduate Course Load,7,Credits & degree requirements,3
Part 6: Academic Procedures and Information,Undergraduate Course Load,3,Academic status & conduct,10
Part 6: Academic Procedures and Information,Eligibility for Courses,7,Credits & degree requirements,3
Part 6: Academic Procedures and Information,Course Repeat,7,Credits & degree requirements,4
Part 6: Academic Procedures and Information,Course Repeat,3,Academic status & conduct,2
Part 6: Academic Procedures and Information,Course Audit,7,Credits & degree requirements,1
Part 6: Academic Procedures and Information,Two-Credit Writing Courses,7,Credits & degree requirements,1
Part 6: Academic Procedures and Information,Independent Studies,1,University & student life,1
Part 6: Academic Procedures and Information,Independent Studies,2,"Language, writing & practice",1
Part 6: Academic Procedures and Information,Submission of Term Paper,7,Credits & degree requirements,1
Part 6: Academic Procedures and Information,Declaration of Major,7,Credits & degree requirements,2
Part 6: Academic Procedures and Information,Class Attendance and Missed Work,3,Academic status & conduct,3
Part 6: Academic Procedures and Information,Class Scheduling,3,Academic status & conduct,1
Part 6: Academic Procedures and Information,Incomplete Coursework and Excused Absence from Final Exam,3,Academic status & conduct,3
Part 6: Academic Procedures and Information,Final Examinations,3,Academic status & conduct,3
Part 6: Academic Procedures and Information,Grading and Grade Requirements,3,Academic status & conduct,10
Part 6: Academic Procedures and Information,Grading and Grade Requirements,7,Credits & degree requirements,9
Part 6: Academic Procedures and Information,Progress toward Degree,3,Academic status & conduct,4
Part 6: Academic Procedures and Information,"Academic Warning, Probation, and Suspension for Students in the Classes of 2022-2024",3,Academic status & conduct,9
Part 6: Academic Procedures and Information,"Academic Warning, Probation, and Suspension for Students in the Classes of 2022-2024",7,Credits & degree requirements,1
Part 6: Academic Procedures and Information,"Academic Warning, Probation, and Suspension for Students in the Class of 2025 and Beyond",3,Academic status & conduct,7
Part 6: Academic Procedures and Information,"Academic Warning, Probation, and Suspension for Students in the Class of 2025 and Beyond",7,Credits & degree requirements,1
Part 6: Academic Procedures and Information,Changes in Status,3,Academic status & conduct,9
Part 6: Academic Procedures and Information,Changes in Status,7,Credits & degree requirements,3
Part 6: Academic Procedures and Information,Academic Recognition and Honors,7,Credits & degree requirements,4
Part 6: Academic Procedures and Information,Notification of Intention to Graduate,7,Credits & degree requirements,1
Part 6: Academic Procedures and Information,Graduation and Commencement,3,Academic status & conduct,1
Part 6: Academic Procedures and Information,Education Records,1,University & student life,3
Part 6: Academic Procedures and Information,Education Records,3,Academic status & conduct,1
Part 6: Academic Procedures and Information,The Provision of Academic Information to Parents and Guardians,3,Academic status & conduct,1
Part 6: Academic Procedures and Information,Procedure for Resolution of Students' Academic Concerns,1,University & student life,1
Part 6: Academic Procedures and Information,Procedure for Resolution of Students' Academic Concerns,3,Academic status & conduct,4
Part 6: Academic Procedures and Information,Grade Review Procedure,3,Academic status & conduct,6
Part 6: Academic Procedures and Information,Exclusion of Disruptive Students from a Course,3,Academic status & conduct,2
Part 6: Academic Procedures and Information,Compliance with Academic Regulations,3,Academic status & conduct,1
Part 6: Academic Procedures and Information,Religious Holidays,1,University & student life,1
Part 7: Academic Advising and Support,Introduction,1,University & student life,1
Part 7: Academic Advising and Support,Academic Advising,1,University & student life,4
Part 7: Academic Advising and Support,Academic Resource Center,1,University & student life,5
Part 7: Academic Advising and Support,Seven Principles of Duke Kunshan University Academic Advising,1,University & student life,2
"Part 8: Career Services, Study Away, and Research Opportunities",Career Services,1,University & student life,1
"Part 8: Career Services, Study Away, and Research Opportunities",Student Research Opportunities,1,University & student life,2
"Part 8: Career Services, Study Away, and Research Opportunities",Office of Global Education and Study Away,7,Credits & degree requirements,10
"Part 8: Career Services, Study Away, and Research Opportunities",Office of Global Education and Study Away,3,Academic status & conduct,4
"Part 8: Career Services, Study Away, and Research Opportunities",Office of Global Education and Study Away,1,University & student life,5
Part 9: Student Affairs and Campus Life,Student Affairs,1,University & student life,2
Part 9: Student Affairs and Campus Life,Student Affairs Conceptual Framework,1,University & student life,1
Part 9: Student Affairs and Campus Life,Residence Life,1,University & student life,1
Part 9: Student Affairs and Campus Life,Accommodations,3,Academic status & conduct,2
Part 9: Student Affairs and Campus Life,Accommodations,1,University & student life,1
Part 9: Student Affairs and Campus Life,Leadership Development,1,University & student life,1
Part 9: Student Affairs and Campus Life,Campus Engagement,1,University & student life,1
Part 9: Student Affairs and Campus Life,Arts and Culture,1,University & student life,1
Part 9: Student Affairs and Campus Life,Blue Oasis Student Center,1,University & student life,1
Part 9: Student Affairs and Campus Life,Campus Programs,1,University & student life,3
Part 9: Student Affairs and Campus Life,Student Clubs and Organizations,1,University & student life,1
Part 9: Student Affairs and Campus Life,Athletics & University Sports,1,University & student life,5
Part 9: Student Affairs and Campus Life,Counseling and Psychological Services (CAPS),1,University & student life,1
Part 9: Student Affairs and Campus Life,Campus Health Clinic,1,University & student life,1
Part 9: Student Affairs and Campus Life,Chinese Student Services and Student Mobility,1,University & student life,2
Part 9: Student Affairs and Campus Life,International Student Services,1,University & student life,2
Part 9: Student Affairs and Campus Life,Host Family Program,1,University & student life,1
Part 9: Student Affairs and Campus Life,Student Conduct,1,University & student life,1
Part 9: Student Affairs and Campus Life,Student Conduct,3,Academic status & conduct,2
Part 10: Majors and Courses,Requirements for All Majors,7,Credits & degree requirements,3
Part 10: Majors and Courses,Majors (listed in alphabetical order),0,Computing & mathematics,10
Part 10: Majors and Courses,Majors (listed in alphabetical order),7,Credits & degree requirements,4
Part 10: Majors and Courses,Majors (listed in alphabetical order),3,Academic status & conduct,1
Part 10: Majors and Courses,Majors (listed in alphabetical order),5,"Society, health & policy",18
Part 10: Majors and Courses,Majors (listed in alphabetical order),1,University & student life,1
Part 10: Majors and Courses,Majors (listed in alphabetical order),2,"Language, writing & practice",5
Part 10: Majors and Courses,Majors (listed in alphabetical order),4,"History, culture & politics",9
Part 10: Majors and Courses,Majors (listed in alphabetical order),6,Natural & molecular science,12
Part 10: Majors and Courses,Courses with Course Subject: Arts and Humanities (ARHU),2,"Language, writing & practice",2
Part 10: Majors and Courses,Courses with Course Subject: Behavior Science (BEHAVSCI),5,"Society, health & policy",8
Part 10: Majors and Courses,Courses with Course Subject: Behavior Science (BEHAVSCI),0,Computing & mathematics,3
Part 10: Majors and Courses,Courses with Course Subject: Biology (BIOL),6,Natural & molecular science,24
Part 10: Majors and Courses,Courses with Course Subject: Biology (BIOL),5,"Society, health & policy",5
Part 10: Majors and Courses,Courses with Course Subject: Chemistry (CHEM),6,Natural & molecular science,12
Part 10: Majors and Courses,Courses with Course Subject: Chinese (CHINESE),2,"Language, writing & practice",21
Part 10: Majors and Courses,Courses with Course Subject: Chinese (CHINESE),1,University & student life,1
Part 10: Majors and Courses,Courses with Course Subject: Chinese Society and Culture (CHSC),7,Credits & degree requirements,2
Part 10: Majors and Courses,Courses with Course Subject: Chinese Society and Culture (CHSC),4,"History, culture & politics",6
Part 10: Majors and Courses,Courses with Course Subject: Computer Design (COMPDSGN),0,Computing & mathematics,1
Part 10: Majors and Courses,Courses with Course Subject: Computer Science (COMPSCI),0,Computing & mathematics,18
Part 10: Majors and Courses,Courses with Course Subject: Cultural Anthropology (CULANTH),4,"History, culture & politics",10
Part 10: Majors and Courses,Courses with Course Subject: Cultural Anthropology (CULANTH),2,"Language, writing & practice",3
Part 10: Majors and Courses,Courses with Course Subject: Cultural Anthropology (CULANTH),5,"Society, health & policy",3
Part 10: Majors and Courses,Courses with Course Subject: Cultures and Movements (CULMOVE),4,"History, culture & politics",5
Part 10: Majors and Courses,Courses with Course Subject: Cultures and Movements (CULMOVE),5,"Society, health & policy",1
Part 10: Majors and Courses,Courses with Course Subject: Cultures and Movements (CULMOVE),2,"Language, writing & practice",2
Part 10: Majors and Courses,Courses with Course Subject: Economics (ECON),7,Credits & degree requirements,2
Part 10: Majors and Courses,Courses with Course Subject: Economics (ECON),5,"Society, health & policy",12
Part 10: Majors and Courses,Courses with Course Subject: Economics (ECON),0,Computing & mathematics,3
Part 10: Majors and Courses,Courses with Course Subject: Economics (ECON),4,"History, culture & politics",2
Part 10: Majors and Courses,Courses with Course Subject: English for Academic Purposes (EAP),2,"Language, writing & practice",8
Part 10: Majors and Courses,Courses with Course Subject: Environment (ENVIR),5,"Society, health & policy",9
Part 10: Majors and Courses,Courses with Course Subject: Environment (ENVIR),6,Natural & molecular science,4
Part 10: Majors and Courses,Courses with Course Subject: Environment (ENVIR),4,"History, culture & politics",1
Part 10: Majors and Courses,Courses with Course Subject: Ethics and Leadership (ETHLDR),5,"Society, health & policy",8
Part 10: Majors and Courses,Courses with Course Subject: Ethics and Leadership (ETHLDR),4,"History, culture & politics",2
Part 10: Majors and Courses,Courses with Course Subject: Ethics and Leadership (ETHLDR),2,"Language, writing & practice",2
Part 10: Majors and Courses,Courses with Course Subject: French (FRENCH),2,"Language, writing & practice",1
Part 10: Majors and Courses,Courses with Course Subject: German (GERMAN),2,"Language, writing & practice",1
Part 10: Majors and Courses,Courses with Course Subject: Global China Studies (GCHINA),4,"History, culture & politics",7
Part 10: Majors and Courses,Courses with Course Subject: Global China Studies (GCHINA),2,"Language, writing & practice",1
Part 10: Majors and Courses,Courses with Course Subject: Global Cultural Studies (GCULS),4,"History, culture & politics",6
Part 10: Majors and Courses,Courses with Course Subject: Global Cultural Studies (GCULS),5,"Society, health & policy",1
Part 10: Majors and Courses,Courses with Course Subject: Global Cultural Studies (GCULS),2,"Language, writing & practice",4
Part 10: Majors and Courses,Courses with Course Subject: Global Health (GLHLTH),5,"Society, health & policy",10
Part 10: Majors and Courses,Courses with Course Subject: Global Health (GLHLTH),2,"Language, writing & practice",2
Part 10: Majors and Courses,Courses with Course Subject: Global Health (GLHLTH),6,Natural & molecular science,1
Part 10: Majors and Courses,Courses with Course Subject: Global Challenges (GLOCHALL),2,"Language, writing & practice",1
Part 10: Majors and Courses,Courses with Course Subject: History (HIST),7,Credits & degree requirements,2
Part 10: Majors and Courses,Courses with Course Subject: History (HIST),4,"History, culture & politics",43
Part 10: Majors and Courses,Courses with Course Subject: History (HIST),2,"Language, writing & practice",4
Part 10: Majors and Courses,Courses with Course Subject: History (HIST),1,University & student life,1
Part 10: Majors and Courses,Courses with Course Subject: History (HIST),5,"Society, health & policy",1
Part 10: Majors and Courses,Courses with Course Subject: Independent Study (INDSTU),2,"Language, writing & practice",1
Part 10: Majors and Courses,Courses with Course Subject: Information Science (INFOSCI),0,Computing & mathematics,5
Part 10: Majors and Courses,Courses with Course Subject: Information Science (INFOSCI),2,"Language, writing & practice",2
Part 10: Majors and Courses,Courses with Course Subject: Institutions and Governance (INSTGOV),2,"Language, writing & practice",1
Part 10: Majors and Courses,Courses with Course Subject: Integrated Science (INTGSCI),6,Natural & molecular science,2
Part 10: Majors and Courses,Courses with Course Subject: Italian (ITALIAN),2,"Language, writing & practice",1
Part 10: Majors and Courses,Courses with Course Subject: Japanese (JAPANESE),2,"Language, writing & practice",3
Part 10: Majors and Courses,Courses with Course Subject: Literature (LIT),4,"History, culture & politics",22
Part 10: Majors and Courses,Courses with Course Subject: Literature (LIT),2,"Language, writing & practice",4
Part 10: Majors and Courses,Courses with Course Subject: Literature (LIT),5,"Society, health & policy",1
Part 10: Majors and Courses,Courses with Course Subject: Material Science (MATSCI),6,Natural & molecular science,6
Part 10: Majors and Courses,Courses with Course Subject: Material Science (MATSCI),0,Computing & mathematics,3
Part 10: Majors and Courses,Courses with Course Subject: Mathematics (MATH),0,Computing & mathematics,21
Part 10: Majors and Courses,Courses with Course Subject: Mathematics (MATH),6,Natural & molecular science,1
Part 10: Majors and Courses,Courses with Course Subject: Media and Arts (MEDIART),2,"Language, writing & practice",29
Part 10: Majors and Courses,Courses with Course Subject: Media and Arts (MEDIART),1,University & student life,1
Part 10: Majors and Courses,Courses with Course Subject: Media and Arts (MEDIART),4,"History, culture & politics",3
Part 10: Majors and Courses,Courses with Course Subject: Military Science (MILITSCI),2,"Language, writing & practice",2
Part 10: Majors and Courses,Courses with Course Subject: Music (MUSIC),1,University & student life,1
Part 10: Majors and Courses,Courses with Course Subject: Music (MUSIC),2,"Language, writing & practice",1
Part 10: Majors and Courses,Courses with Course Subject: Neuroscience (NEUROSCI),5,"Society, health & policy",1
Part 10: Majors and Courses,Courses with Course Subject: Neuroscience (NEUROSCI),6,Natural & molecular science,2
Part 10: Majors and Courses,Courses with Course Subject: Neuroscience (NEUROSCI),0,Computing & mathematics,1
Part 10: Majors and Courses,Courses with Course Subject: Philosophy (PHIL),4,"History, culture & politics",8
Part 10: Majors and Courses,Courses with Course Subject: Philosophy (PHIL),0,Computing & mathematics,3
Part 10: Majors and Courses,Courses with Course Subject: Philosophy (PHIL),5,"Society, health & policy",4
Part 10: Majors and Courses,Courses with Course Subject: Philosophy (PHIL),2,"Language, writing & practice",2
Part 10: Majors and Courses,Courses with Course Subject: Physics (PHYS),0,Computing & mathematics,5
Part 10: Majors and Courses,Courses with Course Subject: Physics (PHYS),2,"Language, writing & practice",1
Part 10: Majors and Courses,Courses with Course Subject: Physics (PHYS),6,Natural & molecular science,9
Part 10: Majors and Courses,Courses with Course Subject: Physical Education (PHYSEDU),7,Credits & degree requirements,1
Part 10: Majors and Courses,Courses with Course Subject: Physical Education (PHYSEDU),2,"Language, writing & practice",12
Part 10: Majors and Courses,Courses with Course Subject: Physical Education (PHYSEDU),0,Computing & mathematics,7
Part 10: Majors and Courses,Courses with Course Subject: Physical Education (PHYSEDU),1,University & student life,6
Part 10: Majors and Courses,Courses with Course Subject: Political Economy (POLECON),4,"History, culture & politics",3
Part 10: Majors and Courses,Courses with Course Subject: Political Economy (POLECON),5,"Society, health & policy",4
Part 10: Majors and Courses,Courses with Course Subject: Political Science (POLSCI),4,"History, culture & politics",20
Part 10: Majors and Courses,Courses with Course Subject: Political Science (POLSCI),5,"Society, health & policy",10
Part 10: Majors and Courses,Courses with Course Subject: Psychology (PSYCH),2,"Language, writing & practice",3
Part 10: Majors and Courses,Courses with Course Subject: Psychology (PSYCH),0,Computing & mathematics,1
Part 10: Majors and Courses,Courses with Course Subject: Psychology (PSYCH),5,"Society, health & policy",2
Part 10: Majors and Courses,Courses with Course Subject: Public Policy (PUBPOL),5,"Society, health & policy",25
Part 10: Majors and Courses,Courses with Course Subject: Public Policy (PUBPOL),4,"History, culture & politics",5
Part 10: Majors and Courses,Courses with Course Subject: Public Policy (PUBPOL),2,"Language, writing & practice",1
Part 10: Majors and Courses,Courses with Course Subject: Research Independent Study (RINDSTU),2,"Language, writing & practice",1
Part 10: Majors and Courses,Courses with Course Subject: Religious Studies (RELIG),4,"History, culture & politics",9
Part 10: Majors and Courses,Courses with Course Subject: Religious Studies (RELIG),0,Computing & mathematics,1
Part 10: Majors and Courses,Courses with Course Subject: Religious Studies (RELIG),2,"Language, writing & practice",1
Part 10: Majors and Courses,Courses with Course Subject: Religious Studies (RELIG),5,"Society, health & policy",1
Part 10: Majors and Courses,Courses with Course Subject: Social Science (SOSC),5,"Society, health & policy",3
Part 10: Majors and Courses,Courses with Course Subject: Social Science (SOSC),2,"Language, writing & practice",1
Part 10: Majors and Courses,Courses with Course Subject: Social Science (SOSC),4,"History, culture & politics",2
Part 10: Majors and Courses,Courses with Course Subject: Social Science (SOSC),0,Computing & mathematics,2
Part 10: Majors and Courses,Courses with Course Subject: Sociology (SOCIOL),4,"History, culture & politics",3
Part 10: Majors and Courses,Courses with Course Subject: Sociology (SOCIOL),5,"Society, health & policy",6
Part 10: Majors and Courses,Courses with Course Subject: Sociology (SOCIOL),2,"Language, writing & practice",2
Part 10: Majors and Courses,Courses with Course Subject: Statistics (STATS),0,Computing & mathematics,12
Part 10: Majors and Courses,Courses with Course Subject: Statistics (STATS),5,"Society, health & policy",1
Part 10: Majors and Courses,Courses with Course Subject: Third Language (TLANG),2,"Language, writing & practice",4
Part 10: Majors and Courses,Courses with Course Subject: US Studies (USTUD),4,"History, culture & politics",2
Part 10: Majors and Courses,Courses with Course Subject: US Studies (USTUD),2,"Language, writing & practice",2
Part 10: Majors and Courses,Courses with Course Subject: Written and Oral Communication (WOC),2,"Language, writing & practice",10
Part 10: Majors and Courses,Courses with Course Subject: Written and Oral Communication (WOC),5,"Society, health & policy",1
Part 10: Majors and Courses,Courses with Course Subject: Written and Oral Communication (WOC),7,Credits & degree requirements,1
