term,mean_tfidf
students,0.04252668378156353
course,0.03980411461139586
university,0.019359308305754348
student,0.01892502678087406
duke,0.018031328162125417
courses,0.017515662054995593
academic,0.017045065503441027
chinese,0.016818416486460788
term,0.01569254301824117
social,0.015587999554271077
world,0.014273942670937836
kunshan,0.013575537539281169
political,0.013541492512713839
global,0.013287131844504823
major,0.01320805629847922
topics,0.012995399800596141
credits,0.01292946148566352
china,0.012795862520125646
study,0.012591028051995943
duke kunshan,0.012589606580272342
